{"timestamp": 1750344288.1161659, "payload": {"Open": 322.7699890136719, "High": 323.05999755859375, "Low": 321.75, "Close": 322.0950012207031, "Volume": 1769841.0}}